First Name,Last Name,Email Address
James,Smith,JamesSmith@gmail.com
Christopher,Anderson,ChristopherAnderson@gmail.com
Ronald,Clark,RonaldClark@gmail.com
Mary,Wright,MaryWright@gmail.com
Lisa,Mitchell,LisaMitchell@gmail.com
Michelle,Johnson,MichelleJohnson@gmail.com
John,Thomas,JohnThomas@gmail.com
Daniel,Rodriguez,DanielRodriguez@gmail.com
Anthony,Lopez,AnthonyLopez@gmail.com
Patricia,Perez,PatriciaPerez@gmail.com
Nancy,Williams,NancyWilliams@hotmail.com
Laura,Jackson,LauraJackson@hotmail.com
Robert,Lewis,RobertLewis@hotmail.com
Paul,Hill,PaulHill@hotmail.com
Kevin,Roberts,KevinRoberts@hotmail.com
Linda,Jones,LindaJones@hotmail.com
Karen,White,KarenWhite@hotmail.com
Sarah,Lee,SarahLee@hotmail.com
Michael,Scott,MichaelScott@hotmail.com
Mark,Turner,MarkTurner@hotmail.com
Jason,Brown,JasonBrown@aol.com
Barbara,Harris,BarbaraHarris@aol.com
Betty,Walker,BettyWalker@aol.com
Kimberly,Green,KimberlyGreen@aol.com
William,Phillips,WilliamPhillips@aol.com
Donald,Davis,DonaldDavis@aol.com
Jeff,Martin,JeffMartin@aol.com
Elizabeth,Hall,ElizabethHall@aol.com
Helen,Adams,HelenAdams@aol.com
Deborah,Campbell,DeborahCampbell@aol.com
David,Miller,DavidMiller@yahoo.com
George,Thompson,GeorgeThompson@yahoo.com
Jennifer,Allen,JenniferAllen@yahoo.com
Sandra,Baker,SandraBaker@yahoo.com
Richard,Parker,RichardParker@yahoo.com
Kenneth,Wilson,KennethWilson@yahoo.com
Maria,Garcia,MariaGarcia@yahoo.com
Donna,Young,DonnaYoung@yahoo.com
Charles,Gonzalez,CharlesGonzalez@yahoo.com
Steven,Evans,StevenEvans@yahoo.com
Susan,Moore,SusanMoore@yahoo.com
Carol,Martinez,CarolMartinez@facebook.com
Joseph,Hernandez,JosephHernandez@facebook.com
Edward,Nelson,EdwardNelson@facebook.com
Margaret,Edwards,MargaretEdwards@facebook.com
Ruth,Taylor,RuthTaylor@facebook.com
Thomas,Robinson,ThomasRobinson@facebook.com
Brian,King,BrianKing@facebook.com
Dorothy,Carter,DorothyCarter@facebook.com
Sharon,Collins,SharonCollins@facebook.com